I, 2023-03-21 17,23,15,553, [080-exec-1],           Controller, 9e735ef35908, , Experiment, het3nodelay-mincostgreedy-exp, Date, 2023-03-21 17,23,13, Query, cd1, Run,1, Overall Query Processing Time,529, Query Planning Time,451, Compile Time,12, Execution time,66,overallNumberOfRequestsIssuedAtCache,6,numberOfSPARQLRequestsIssuedAtCache,2,numberOfTPFRequestsIssuedAtCache,4,numberOfBRTPFRequestsIssuedAtCache,0
I, 2023-03-21 17,23,16,831, [080-exec-2],           Controller, 711966ea4b74, , Experiment, het3nodelay-mincostgreedy-exp, Date, 2023-03-21 17,23,13, Query, cd2, Run,1, Overall Query Processing Time,59, Query Planning Time,42, Compile Time,0, Execution time,17,overallNumberOfRequestsIssuedAtCache,3,numberOfSPARQLRequestsIssuedAtCache,1,numberOfTPFRequestsIssuedAtCache,2,numberOfBRTPFRequestsIssuedAtCache,0
I, 2023-03-21 17,23,17,971, [080-exec-3],           Controller, bebf8c2cf73b, , Experiment, het3nodelay-mincostgreedy-exp, Date, 2023-03-21 17,23,13, Query, cd3, Run,1, Overall Query Processing Time,109, Query Planning Time,59, Compile Time,0, Execution time,50,overallNumberOfRequestsIssuedAtCache,26,numberOfSPARQLRequestsIssuedAtCache,3,numberOfTPFRequestsIssuedAtCache,20,numberOfBRTPFRequestsIssuedAtCache,3
I, 2023-03-21 17,23,19,126, [080-exec-4],           Controller, 3d8449fd8c51, , Experiment, het3nodelay-mincostgreedy-exp, Date, 2023-03-21 17,23,13, Query, cd4, Run,1, Overall Query Processing Time,122, Query Planning Time,74, Compile Time,1, Execution time,47,overallNumberOfRequestsIssuedAtCache,37,numberOfSPARQLRequestsIssuedAtCache,4,numberOfTPFRequestsIssuedAtCache,28,numberOfBRTPFRequestsIssuedAtCache,5
I, 2023-03-21 17,23,20,228, [080-exec-5],           Controller, 248a26d639d1, , Experiment, het3nodelay-mincostgreedy-exp, Date, 2023-03-21 17,23,13, Query, cd5, Run,1, Overall Query Processing Time,70, Query Planning Time,42, Compile Time,1, Execution time,27,overallNumberOfRequestsIssuedAtCache,17,numberOfSPARQLRequestsIssuedAtCache,2,numberOfTPFRequestsIssuedAtCache,12,numberOfBRTPFRequestsIssuedAtCache,3
I, 2023-03-21 17,23,22,703, [080-exec-6],           Controller, 6ef3d07a01ce, , Experiment, het3nodelay-mincostgreedy-exp, Date, 2023-03-21 17,23,13, Query, cd6, Run,1, Overall Query Processing Time,1450, Query Planning Time,57, Compile Time,1, Execution time,1392,overallNumberOfRequestsIssuedAtCache,2463,numberOfSPARQLRequestsIssuedAtCache,3,numberOfTPFRequestsIssuedAtCache,2419,numberOfBRTPFRequestsIssuedAtCache,41
I, 2023-03-21 17,23,24,347, [080-exec-7],           Controller, 8605536c2828, , Experiment, het3nodelay-mincostgreedy-exp, Date, 2023-03-21 17,23,13, Query, cd7, Run,1, Overall Query Processing Time,604, Query Planning Time,52, Compile Time,0, Execution time,552,overallNumberOfRequestsIssuedAtCache,1083,numberOfSPARQLRequestsIssuedAtCache,39,numberOfTPFRequestsIssuedAtCache,1003,numberOfBRTPFRequestsIssuedAtCache,41
I, 2023-03-21 17,23,25,911, [080-exec-8],           Controller, b33e0c894524, , Experiment, het3nodelay-mincostgreedy-exp, Date, 2023-03-21 17,23,13, Query, ld1, Run,1, Overall Query Processing Time,529, Query Planning Time,49, Compile Time,0, Execution time,480,overallNumberOfRequestsIssuedAtCache,955,numberOfSPARQLRequestsIssuedAtCache,27,numberOfTPFRequestsIssuedAtCache,872,numberOfBRTPFRequestsIssuedAtCache,56
I, 2023-03-21 17,23,27,100, [080-exec-9],           Controller, 011d94fb821d, , Experiment, het3nodelay-mincostgreedy-exp, Date, 2023-03-21 17,23,13, Query, ld10, Run,1, Overall Query Processing Time,111, Query Planning Time,47, Compile Time,0, Execution time,64,overallNumberOfRequestsIssuedAtCache,127,numberOfSPARQLRequestsIssuedAtCache,5,numberOfTPFRequestsIssuedAtCache,110,numberOfBRTPFRequestsIssuedAtCache,12
I, 2023-03-21 17,23,29,439, [80-exec-10],           Controller, 076f2a127bb5, , Experiment, het3nodelay-mincostgreedy-exp, Date, 2023-03-21 17,23,13, Query, ld11, Run,1, Overall Query Processing Time,1293, Query Planning Time,83, Compile Time,0, Execution time,1210,overallNumberOfRequestsIssuedAtCache,2407,numberOfSPARQLRequestsIssuedAtCache,79,numberOfTPFRequestsIssuedAtCache,2250,numberOfBRTPFRequestsIssuedAtCache,78
I, 2023-03-21 17,23,30,560, [080-exec-1],           Controller, 724b39298f03, , Experiment, het3nodelay-mincostgreedy-exp, Date, 2023-03-21 17,23,13, Query, ld2, Run,1, Overall Query Processing Time,77, Query Planning Time,24, Compile Time,0, Execution time,53,overallNumberOfRequestsIssuedAtCache,64,numberOfSPARQLRequestsIssuedAtCache,0,numberOfTPFRequestsIssuedAtCache,64,numberOfBRTPFRequestsIssuedAtCache,0
I, 2023-03-21 17,23,32,582, [080-exec-2],           Controller, 7c3434534c02, , Experiment, het3nodelay-mincostgreedy-exp, Date, 2023-03-21 17,23,13, Query, ld3, Run,1, Overall Query Processing Time,985, Query Planning Time,83, Compile Time,1, Execution time,901,overallNumberOfRequestsIssuedAtCache,1919,numberOfSPARQLRequestsIssuedAtCache,47,numberOfTPFRequestsIssuedAtCache,1751,numberOfBRTPFRequestsIssuedAtCache,121
I, 2023-03-21 17,23,33,928, [080-exec-3],           Controller, 147e75da5167, , Experiment, het3nodelay-mincostgreedy-exp, Date, 2023-03-21 17,23,13, Query, ld4, Run,1, Overall Query Processing Time,312, Query Planning Time,28, Compile Time,0, Execution time,284,overallNumberOfRequestsIssuedAtCache,462,numberOfSPARQLRequestsIssuedAtCache,0,numberOfTPFRequestsIssuedAtCache,462,numberOfBRTPFRequestsIssuedAtCache,0
I, 2023-03-21 17,23,35,34, [080-exec-4],           Controller, e0185505d7b1, , Experiment, het3nodelay-mincostgreedy-exp, Date, 2023-03-21 17,23,13, Query, ld5, Run,1, Overall Query Processing Time,81, Query Planning Time,42, Compile Time,0, Execution time,39,overallNumberOfRequestsIssuedAtCache,58,numberOfSPARQLRequestsIssuedAtCache,2,numberOfTPFRequestsIssuedAtCache,56,numberOfBRTPFRequestsIssuedAtCache,0
I, 2023-03-21 17,23,36,131, [080-exec-5],           Controller, 87b76b2de1bd, , Experiment, het3nodelay-mincostgreedy-exp, Date, 2023-03-21 17,23,13, Query, ld6, Run,1, Overall Query Processing Time,71, Query Planning Time,47, Compile Time,2, Execution time,22,overallNumberOfRequestsIssuedAtCache,33,numberOfSPARQLRequestsIssuedAtCache,4,numberOfTPFRequestsIssuedAtCache,26,numberOfBRTPFRequestsIssuedAtCache,3
I, 2023-03-21 17,23,37,534, [080-exec-6],           Controller, b3df4a251ad8, , Experiment, het3nodelay-mincostgreedy-exp, Date, 2023-03-21 17,23,13, Query, ld7, Run,1, Overall Query Processing Time,336, Query Planning Time,59, Compile Time,0, Execution time,277,overallNumberOfRequestsIssuedAtCache,83,numberOfSPARQLRequestsIssuedAtCache,42,numberOfTPFRequestsIssuedAtCache,0,numberOfBRTPFRequestsIssuedAtCache,41
I, 2023-03-21 17,23,38,840, [080-exec-7],           Controller, b9212b9b2f87, , Experiment, het3nodelay-mincostgreedy-exp, Date, 2023-03-21 17,23,13, Query, ld8, Run,1, Overall Query Processing Time,256, Query Planning Time,86, Compile Time,2, Execution time,168,overallNumberOfRequestsIssuedAtCache,320,numberOfSPARQLRequestsIssuedAtCache,10,numberOfTPFRequestsIssuedAtCache,286,numberOfBRTPFRequestsIssuedAtCache,24
I, 2023-03-21 17,23,40,12, [080-exec-8],           Controller, 7048cbc2d03d, , Experiment, het3nodelay-mincostgreedy-exp, Date, 2023-03-21 17,23,13, Query, ls1, Run,1, Overall Query Processing Time,118, Query Planning Time,1, Compile Time,0, Execution time,117,overallNumberOfRequestsIssuedAtCache,13,numberOfSPARQLRequestsIssuedAtCache,1,numberOfTPFRequestsIssuedAtCache,12,numberOfBRTPFRequestsIssuedAtCache,0
I, 2023-03-21 17,23,41,183, [080-exec-9],           Controller, 3f3529cdd324, , Experiment, het3nodelay-mincostgreedy-exp, Date, 2023-03-21 17,23,13, Query, ls2, Run,1, Overall Query Processing Time,123, Query Planning Time,105, Compile Time,0, Execution time,18,overallNumberOfRequestsIssuedAtCache,17,numberOfSPARQLRequestsIssuedAtCache,2,numberOfTPFRequestsIssuedAtCache,14,numberOfBRTPFRequestsIssuedAtCache,1
I, 2023-03-21 17,23,45,144, [80-exec-10],           Controller, ff6e900a2860, , Experiment, het3nodelay-mincostgreedy-exp, Date, 2023-03-21 17,23,13, Query, ls3, Run,1, Overall Query Processing Time,2841, Query Planning Time,41, Compile Time,7, Execution time,2793,overallNumberOfRequestsIssuedAtCache,5050,numberOfSPARQLRequestsIssuedAtCache,146,numberOfTPFRequestsIssuedAtCache,4632,numberOfBRTPFRequestsIssuedAtCache,272
I, 2023-03-21 17,23,46,392, [080-exec-1],           Controller, 958193d036e9, , Experiment, het3nodelay-mincostgreedy-exp, Date, 2023-03-21 17,23,13, Query, ls4, Run,1, Overall Query Processing Time,77, Query Planning Time,55, Compile Time,0, Execution time,22,overallNumberOfRequestsIssuedAtCache,11,numberOfSPARQLRequestsIssuedAtCache,0,numberOfTPFRequestsIssuedAtCache,7,numberOfBRTPFRequestsIssuedAtCache,4
I, 2023-03-21 17,23,49,170, [080-exec-2],           Controller, 90f58eae1370, , Experiment, het3nodelay-mincostgreedy-exp, Date, 2023-03-21 17,23,13, Query, ls5, Run,1, Overall Query Processing Time,1757, Query Planning Time,40, Compile Time,1, Execution time,1716,overallNumberOfRequestsIssuedAtCache,2893,numberOfSPARQLRequestsIssuedAtCache,132,numberOfTPFRequestsIssuedAtCache,2672,numberOfBRTPFRequestsIssuedAtCache,89
I, 2023-03-21 17,23,50,295, [080-exec-3],           Controller, 1c04f04dcfc5, , Experiment, het3nodelay-mincostgreedy-exp, Date, 2023-03-21 17,23,13, Query, ls6, Run,1, Overall Query Processing Time,99, Query Planning Time,43, Compile Time,0, Execution time,56,overallNumberOfRequestsIssuedAtCache,61,numberOfSPARQLRequestsIssuedAtCache,3,numberOfTPFRequestsIssuedAtCache,49,numberOfBRTPFRequestsIssuedAtCache,9
I, 2023-03-21 17,23,51,870, [080-exec-4],           Controller, da35ea758553, , Experiment, het3nodelay-mincostgreedy-exp, Date, 2023-03-21 17,23,13, Query, ls7, Run,1, Overall Query Processing Time,532, Query Planning Time,35, Compile Time,2, Execution time,495,overallNumberOfRequestsIssuedAtCache,210,numberOfSPARQLRequestsIssuedAtCache,42,numberOfTPFRequestsIssuedAtCache,46,numberOfBRTPFRequestsIssuedAtCache,122
I, 2023-03-21 17,23,53,79, [080-exec-5],           Controller, e4c589a98eb9, , Experiment, het3nodelay-mincostgreedy-exp, Date, 2023-03-21 17,23,13, Query, cd1, Run,2, Overall Query Processing Time,146, Query Planning Time,139, Compile Time,0, Execution time,7,overallNumberOfRequestsIssuedAtCache,8,numberOfSPARQLRequestsIssuedAtCache,3,numberOfTPFRequestsIssuedAtCache,5,numberOfBRTPFRequestsIssuedAtCache,0
I, 2023-03-21 17,23,54,140, [080-exec-6],           Controller, bcc0930d9e8f, , Experiment, het3nodelay-mincostgreedy-exp, Date, 2023-03-21 17,23,13, Query, cd2, Run,2, Overall Query Processing Time,44, Query Planning Time,34, Compile Time,0, Execution time,10,overallNumberOfRequestsIssuedAtCache,3,numberOfSPARQLRequestsIssuedAtCache,1,numberOfTPFRequestsIssuedAtCache,2,numberOfBRTPFRequestsIssuedAtCache,0
I, 2023-03-21 17,23,55,220, [080-exec-7],           Controller, abac57f35f39, , Experiment, het3nodelay-mincostgreedy-exp, Date, 2023-03-21 17,23,13, Query, cd3, Run,2, Overall Query Processing Time,61, Query Planning Time,34, Compile Time,0, Execution time,27,overallNumberOfRequestsIssuedAtCache,26,numberOfSPARQLRequestsIssuedAtCache,3,numberOfTPFRequestsIssuedAtCache,20,numberOfBRTPFRequestsIssuedAtCache,3
I, 2023-03-21 17,23,56,328, [080-exec-8],           Controller, be0a1f0f0b82, , Experiment, het3nodelay-mincostgreedy-exp, Date, 2023-03-21 17,23,13, Query, cd4, Run,2, Overall Query Processing Time,87, Query Planning Time,56, Compile Time,0, Execution time,31,overallNumberOfRequestsIssuedAtCache,37,numberOfSPARQLRequestsIssuedAtCache,4,numberOfTPFRequestsIssuedAtCache,28,numberOfBRTPFRequestsIssuedAtCache,5
I, 2023-03-21 17,23,57,396, [080-exec-9],           Controller, 9072ed6578dc, , Experiment, het3nodelay-mincostgreedy-exp, Date, 2023-03-21 17,23,13, Query, cd5, Run,2, Overall Query Processing Time,46, Query Planning Time,29, Compile Time,0, Execution time,17,overallNumberOfRequestsIssuedAtCache,18,numberOfSPARQLRequestsIssuedAtCache,3,numberOfTPFRequestsIssuedAtCache,12,numberOfBRTPFRequestsIssuedAtCache,3
I, 2023-03-21 17,23,59,564, [80-exec-10],           Controller, 4e615c5c063e, , Experiment, het3nodelay-mincostgreedy-exp, Date, 2023-03-21 17,23,13, Query, cd6, Run,2, Overall Query Processing Time,1149, Query Planning Time,51, Compile Time,1, Execution time,1097,overallNumberOfRequestsIssuedAtCache,2492,numberOfSPARQLRequestsIssuedAtCache,3,numberOfTPFRequestsIssuedAtCache,2448,numberOfBRTPFRequestsIssuedAtCache,41
I, 2023-03-21 17,24,1,131, [080-exec-1],           Controller, 7ba0106824bb, , Experiment, het3nodelay-mincostgreedy-exp, Date, 2023-03-21 17,23,13, Query, cd7, Run,2, Overall Query Processing Time,547, Query Planning Time,45, Compile Time,1, Execution time,501,overallNumberOfRequestsIssuedAtCache,1105,numberOfSPARQLRequestsIssuedAtCache,41,numberOfTPFRequestsIssuedAtCache,1023,numberOfBRTPFRequestsIssuedAtCache,41
I, 2023-03-21 17,24,2,692, [080-exec-2],           Controller, fca8b295ba78, , Experiment, het3nodelay-mincostgreedy-exp, Date, 2023-03-21 17,23,13, Query, ld1, Run,2, Overall Query Processing Time,537, Query Planning Time,50, Compile Time,0, Execution time,487,overallNumberOfRequestsIssuedAtCache,955,numberOfSPARQLRequestsIssuedAtCache,26,numberOfTPFRequestsIssuedAtCache,873,numberOfBRTPFRequestsIssuedAtCache,56
I, 2023-03-21 17,24,3,805, [080-exec-3],           Controller, 4505e0e60d56, , Experiment, het3nodelay-mincostgreedy-exp, Date, 2023-03-21 17,23,13, Query, ld10, Run,2, Overall Query Processing Time,87, Query Planning Time,39, Compile Time,0, Execution time,48,overallNumberOfRequestsIssuedAtCache,128,numberOfSPARQLRequestsIssuedAtCache,5,numberOfTPFRequestsIssuedAtCache,111,numberOfBRTPFRequestsIssuedAtCache,12
I, 2023-03-21 17,24,5,956, [080-exec-4],           Controller, e5b57f157349, , Experiment, het3nodelay-mincostgreedy-exp, Date, 2023-03-21 17,23,13, Query, ld11, Run,2, Overall Query Processing Time,1125, Query Planning Time,86, Compile Time,1, Execution time,1038,overallNumberOfRequestsIssuedAtCache,2417,numberOfSPARQLRequestsIssuedAtCache,78,numberOfTPFRequestsIssuedAtCache,2262,numberOfBRTPFRequestsIssuedAtCache,77
I, 2023-03-21 17,24,7,55, [080-exec-5],           Controller, 7d0f8c6f97a8, , Experiment, het3nodelay-mincostgreedy-exp, Date, 2023-03-21 17,23,13, Query, ld2, Run,2, Overall Query Processing Time,71, Query Planning Time,23, Compile Time,0, Execution time,48,overallNumberOfRequestsIssuedAtCache,64,numberOfSPARQLRequestsIssuedAtCache,0,numberOfTPFRequestsIssuedAtCache,64,numberOfBRTPFRequestsIssuedAtCache,0
I, 2023-03-21 17,24,8,998, [080-exec-6],           Controller, 20a95bbd1b70, , Experiment, het3nodelay-mincostgreedy-exp, Date, 2023-03-21 17,23,13, Query, ld3, Run,2, Overall Query Processing Time,922, Query Planning Time,86, Compile Time,0, Execution time,836,overallNumberOfRequestsIssuedAtCache,1926,numberOfSPARQLRequestsIssuedAtCache,49,numberOfTPFRequestsIssuedAtCache,1787,numberOfBRTPFRequestsIssuedAtCache,90
I, 2023-03-21 17,24,10,324, [080-exec-7],           Controller, 0cf8cdee6c0e, , Experiment, het3nodelay-mincostgreedy-exp, Date, 2023-03-21 17,23,13, Query, ld4, Run,2, Overall Query Processing Time,305, Query Planning Time,30, Compile Time,0, Execution time,275,overallNumberOfRequestsIssuedAtCache,465,numberOfSPARQLRequestsIssuedAtCache,0,numberOfTPFRequestsIssuedAtCache,465,numberOfBRTPFRequestsIssuedAtCache,0
I, 2023-03-21 17,24,11,419, [080-exec-8],           Controller, 9f10d32bfb10, , Experiment, het3nodelay-mincostgreedy-exp, Date, 2023-03-21 17,23,13, Query, ld5, Run,2, Overall Query Processing Time,71, Query Planning Time,35, Compile Time,0, Execution time,36,overallNumberOfRequestsIssuedAtCache,58,numberOfSPARQLRequestsIssuedAtCache,2,numberOfTPFRequestsIssuedAtCache,56,numberOfBRTPFRequestsIssuedAtCache,0
I, 2023-03-21 17,24,12,503, [080-exec-9],           Controller, 44820b7ddd3a, , Experiment, het3nodelay-mincostgreedy-exp, Date, 2023-03-21 17,23,13, Query, ld6, Run,2, Overall Query Processing Time,66, Query Planning Time,42, Compile Time,1, Execution time,23,overallNumberOfRequestsIssuedAtCache,32,numberOfSPARQLRequestsIssuedAtCache,4,numberOfTPFRequestsIssuedAtCache,24,numberOfBRTPFRequestsIssuedAtCache,4
I, 2023-03-21 17,24,13,809, [80-exec-10],           Controller, 5cd4f1bf1b2b, , Experiment, het3nodelay-mincostgreedy-exp, Date, 2023-03-21 17,23,13, Query, ld7, Run,2, Overall Query Processing Time,281, Query Planning Time,49, Compile Time,0, Execution time,232,overallNumberOfRequestsIssuedAtCache,83,numberOfSPARQLRequestsIssuedAtCache,42,numberOfTPFRequestsIssuedAtCache,0,numberOfBRTPFRequestsIssuedAtCache,41
I, 2023-03-21 17,24,15,98, [080-exec-1],           Controller, e9f1836bbfcf, , Experiment, het3nodelay-mincostgreedy-exp, Date, 2023-03-21 17,23,13, Query, ld8, Run,2, Overall Query Processing Time,262, Query Planning Time,90, Compile Time,1, Execution time,171,overallNumberOfRequestsIssuedAtCache,319,numberOfSPARQLRequestsIssuedAtCache,10,numberOfTPFRequestsIssuedAtCache,285,numberOfBRTPFRequestsIssuedAtCache,24
I, 2023-03-21 17,24,16,233, [080-exec-2],           Controller, bcad33e0c891, , Experiment, het3nodelay-mincostgreedy-exp, Date, 2023-03-21 17,23,13, Query, ls1, Run,2, Overall Query Processing Time,107, Query Planning Time,0, Compile Time,0, Execution time,107,overallNumberOfRequestsIssuedAtCache,13,numberOfSPARQLRequestsIssuedAtCache,1,numberOfTPFRequestsIssuedAtCache,12,numberOfBRTPFRequestsIssuedAtCache,0
I, 2023-03-21 17,24,17,374, [080-exec-3],           Controller, bdadabff7925, , Experiment, het3nodelay-mincostgreedy-exp, Date, 2023-03-21 17,23,13, Query, ls2, Run,2, Overall Query Processing Time,101, Query Planning Time,77, Compile Time,0, Execution time,24,overallNumberOfRequestsIssuedAtCache,17,numberOfSPARQLRequestsIssuedAtCache,2,numberOfTPFRequestsIssuedAtCache,14,numberOfBRTPFRequestsIssuedAtCache,1
I, 2023-03-21 17,24,21,302, [080-exec-4],           Controller, d7247d783200, , Experiment, het3nodelay-mincostgreedy-exp, Date, 2023-03-21 17,23,13, Query, ls3, Run,2, Overall Query Processing Time,2865, Query Planning Time,44, Compile Time,1, Execution time,2820,overallNumberOfRequestsIssuedAtCache,5052,numberOfSPARQLRequestsIssuedAtCache,146,numberOfTPFRequestsIssuedAtCache,4634,numberOfBRTPFRequestsIssuedAtCache,272
I, 2023-03-21 17,24,22,553, [080-exec-5],           Controller, 69b05a07fb02, , Experiment, het3nodelay-mincostgreedy-exp, Date, 2023-03-21 17,23,13, Query, ls4, Run,2, Overall Query Processing Time,62, Query Planning Time,46, Compile Time,0, Execution time,16,overallNumberOfRequestsIssuedAtCache,11,numberOfSPARQLRequestsIssuedAtCache,0,numberOfTPFRequestsIssuedAtCache,7,numberOfBRTPFRequestsIssuedAtCache,4
I, 2023-03-21 17,24,25,341, [080-exec-6],           Controller, 9c3205983869, , Experiment, het3nodelay-mincostgreedy-exp, Date, 2023-03-21 17,23,13, Query, ls5, Run,2, Overall Query Processing Time,1768, Query Planning Time,40, Compile Time,0, Execution time,1728,overallNumberOfRequestsIssuedAtCache,2887,numberOfSPARQLRequestsIssuedAtCache,132,numberOfTPFRequestsIssuedAtCache,2666,numberOfBRTPFRequestsIssuedAtCache,89
I, 2023-03-21 17,24,26,451, [080-exec-7],           Controller, e1cd26a0b5aa, , Experiment, het3nodelay-mincostgreedy-exp, Date, 2023-03-21 17,23,13, Query, ls6, Run,2, Overall Query Processing Time,85, Query Planning Time,31, Compile Time,0, Execution time,54,overallNumberOfRequestsIssuedAtCache,61,numberOfSPARQLRequestsIssuedAtCache,3,numberOfTPFRequestsIssuedAtCache,49,numberOfBRTPFRequestsIssuedAtCache,9
I, 2023-03-21 17,24,28,49, [080-exec-8],           Controller, 1995ada19636, , Experiment, het3nodelay-mincostgreedy-exp, Date, 2023-03-21 17,23,13, Query, ls7, Run,2, Overall Query Processing Time,560, Query Planning Time,29, Compile Time,1, Execution time,530,overallNumberOfRequestsIssuedAtCache,210,numberOfSPARQLRequestsIssuedAtCache,42,numberOfTPFRequestsIssuedAtCache,46,numberOfBRTPFRequestsIssuedAtCache,122
I, 2023-03-21 17,24,29,274, [080-exec-9],           Controller, fc706f0ec8d6, , Experiment, het3nodelay-mincostgreedy-exp, Date, 2023-03-21 17,23,13, Query, cd1, Run,3, Overall Query Processing Time,147, Query Planning Time,138, Compile Time,0, Execution time,9,overallNumberOfRequestsIssuedAtCache,8,numberOfSPARQLRequestsIssuedAtCache,3,numberOfTPFRequestsIssuedAtCache,5,numberOfBRTPFRequestsIssuedAtCache,0
I, 2023-03-21 17,24,30,333, [80-exec-10],           Controller, e167da23d5ef, , Experiment, het3nodelay-mincostgreedy-exp, Date, 2023-03-21 17,23,13, Query, cd2, Run,3, Overall Query Processing Time,43, Query Planning Time,34, Compile Time,0, Execution time,9,overallNumberOfRequestsIssuedAtCache,3,numberOfSPARQLRequestsIssuedAtCache,1,numberOfTPFRequestsIssuedAtCache,2,numberOfBRTPFRequestsIssuedAtCache,0
I, 2023-03-21 17,24,31,416, [080-exec-1],           Controller, 85cf8b60c4a6, , Experiment, het3nodelay-mincostgreedy-exp, Date, 2023-03-21 17,23,13, Query, cd3, Run,3, Overall Query Processing Time,66, Query Planning Time,37, Compile Time,0, Execution time,29,overallNumberOfRequestsIssuedAtCache,26,numberOfSPARQLRequestsIssuedAtCache,3,numberOfTPFRequestsIssuedAtCache,20,numberOfBRTPFRequestsIssuedAtCache,3
I, 2023-03-21 17,24,32,516, [080-exec-2],           Controller, 02b6f07d4afe, , Experiment, het3nodelay-mincostgreedy-exp, Date, 2023-03-21 17,23,13, Query, cd4, Run,3, Overall Query Processing Time,81, Query Planning Time,55, Compile Time,0, Execution time,26,overallNumberOfRequestsIssuedAtCache,37,numberOfSPARQLRequestsIssuedAtCache,4,numberOfTPFRequestsIssuedAtCache,28,numberOfBRTPFRequestsIssuedAtCache,5
I, 2023-03-21 17,24,33,590, [080-exec-3],           Controller, ff8535ff685a, , Experiment, het3nodelay-mincostgreedy-exp, Date, 2023-03-21 17,23,13, Query, cd5, Run,3, Overall Query Processing Time,55, Query Planning Time,31, Compile Time,0, Execution time,24,overallNumberOfRequestsIssuedAtCache,18,numberOfSPARQLRequestsIssuedAtCache,3,numberOfTPFRequestsIssuedAtCache,12,numberOfBRTPFRequestsIssuedAtCache,3
I, 2023-03-21 17,24,35,941, [080-exec-4],           Controller, f10431a49aab, , Experiment, het3nodelay-mincostgreedy-exp, Date, 2023-03-21 17,23,13, Query, cd6, Run,3, Overall Query Processing Time,1335, Query Planning Time,48, Compile Time,1, Execution time,1286,overallNumberOfRequestsIssuedAtCache,2483,numberOfSPARQLRequestsIssuedAtCache,3,numberOfTPFRequestsIssuedAtCache,2439,numberOfBRTPFRequestsIssuedAtCache,41
I, 2023-03-21 17,24,37,548, [080-exec-5],           Controller, 9c161d1c4f27, , Experiment, het3nodelay-mincostgreedy-exp, Date, 2023-03-21 17,23,13, Query, cd7, Run,3, Overall Query Processing Time,587, Query Planning Time,50, Compile Time,0, Execution time,537,overallNumberOfRequestsIssuedAtCache,1108,numberOfSPARQLRequestsIssuedAtCache,41,numberOfTPFRequestsIssuedAtCache,1026,numberOfBRTPFRequestsIssuedAtCache,41
I, 2023-03-21 17,24,39,87, [080-exec-6],           Controller, d99cd217fbc6, , Experiment, het3nodelay-mincostgreedy-exp, Date, 2023-03-21 17,23,13, Query, ld1, Run,3, Overall Query Processing Time,517, Query Planning Time,49, Compile Time,0, Execution time,468,overallNumberOfRequestsIssuedAtCache,956,numberOfSPARQLRequestsIssuedAtCache,26,numberOfTPFRequestsIssuedAtCache,873,numberOfBRTPFRequestsIssuedAtCache,57
I, 2023-03-21 17,24,40,198, [080-exec-7],           Controller, 1ca9ea45e916, , Experiment, het3nodelay-mincostgreedy-exp, Date, 2023-03-21 17,23,13, Query, ld10, Run,3, Overall Query Processing Time,87, Query Planning Time,37, Compile Time,0, Execution time,50,overallNumberOfRequestsIssuedAtCache,126,numberOfSPARQLRequestsIssuedAtCache,5,numberOfTPFRequestsIssuedAtCache,110,numberOfBRTPFRequestsIssuedAtCache,11
I, 2023-03-21 17,24,42,382, [080-exec-8],           Controller, 25efbcc71eff, , Experiment, het3nodelay-mincostgreedy-exp, Date, 2023-03-21 17,23,13, Query, ld11, Run,3, Overall Query Processing Time,1163, Query Planning Time,65, Compile Time,0, Execution time,1098,overallNumberOfRequestsIssuedAtCache,2420,numberOfSPARQLRequestsIssuedAtCache,78,numberOfTPFRequestsIssuedAtCache,2265,numberOfBRTPFRequestsIssuedAtCache,77
I, 2023-03-21 17,24,43,479, [080-exec-9],           Controller, ab69b4c5e4e6, , Experiment, het3nodelay-mincostgreedy-exp, Date, 2023-03-21 17,23,13, Query, ld2, Run,3, Overall Query Processing Time,65, Query Planning Time,24, Compile Time,0, Execution time,41,overallNumberOfRequestsIssuedAtCache,64,numberOfSPARQLRequestsIssuedAtCache,0,numberOfTPFRequestsIssuedAtCache,64,numberOfBRTPFRequestsIssuedAtCache,0
I, 2023-03-21 17,24,45,457, [80-exec-10],           Controller, 89ac2f09b6e0, , Experiment, het3nodelay-mincostgreedy-exp, Date, 2023-03-21 17,23,13, Query, ld3, Run,3, Overall Query Processing Time,959, Query Planning Time,74, Compile Time,1, Execution time,884,overallNumberOfRequestsIssuedAtCache,1925,numberOfSPARQLRequestsIssuedAtCache,48,numberOfTPFRequestsIssuedAtCache,1788,numberOfBRTPFRequestsIssuedAtCache,89
I, 2023-03-21 17,24,46,777, [080-exec-1],           Controller, ad3dd68814bc, , Experiment, het3nodelay-mincostgreedy-exp, Date, 2023-03-21 17,23,13, Query, ld4, Run,3, Overall Query Processing Time,293, Query Planning Time,35, Compile Time,0, Execution time,258,overallNumberOfRequestsIssuedAtCache,465,numberOfSPARQLRequestsIssuedAtCache,0,numberOfTPFRequestsIssuedAtCache,465,numberOfBRTPFRequestsIssuedAtCache,0
I, 2023-03-21 17,24,47,867, [080-exec-2],           Controller, fd464899643d, , Experiment, het3nodelay-mincostgreedy-exp, Date, 2023-03-21 17,23,13, Query, ld5, Run,3, Overall Query Processing Time,75, Query Planning Time,36, Compile Time,0, Execution time,39,overallNumberOfRequestsIssuedAtCache,58,numberOfSPARQLRequestsIssuedAtCache,2,numberOfTPFRequestsIssuedAtCache,56,numberOfBRTPFRequestsIssuedAtCache,0
I, 2023-03-21 17,24,48,947, [080-exec-3],           Controller, f397433556cc, , Experiment, het3nodelay-mincostgreedy-exp, Date, 2023-03-21 17,23,13, Query, ld6, Run,3, Overall Query Processing Time,62, Query Planning Time,39, Compile Time,1, Execution time,22,overallNumberOfRequestsIssuedAtCache,34,numberOfSPARQLRequestsIssuedAtCache,4,numberOfTPFRequestsIssuedAtCache,26,numberOfBRTPFRequestsIssuedAtCache,4
I, 2023-03-21 17,24,50,286, [080-exec-4],           Controller, 11d1d0eee670, , Experiment, het3nodelay-mincostgreedy-exp, Date, 2023-03-21 17,23,13, Query, ld7, Run,3, Overall Query Processing Time,316, Query Planning Time,59, Compile Time,0, Execution time,257,overallNumberOfRequestsIssuedAtCache,83,numberOfSPARQLRequestsIssuedAtCache,42,numberOfTPFRequestsIssuedAtCache,0,numberOfBRTPFRequestsIssuedAtCache,41
I, 2023-03-21 17,24,51,547, [080-exec-5],           Controller, c6aca7affed7, , Experiment, het3nodelay-mincostgreedy-exp, Date, 2023-03-21 17,23,13, Query, ld8, Run,3, Overall Query Processing Time,234, Query Planning Time,81, Compile Time,1, Execution time,152,overallNumberOfRequestsIssuedAtCache,328,numberOfSPARQLRequestsIssuedAtCache,10,numberOfTPFRequestsIssuedAtCache,294,numberOfBRTPFRequestsIssuedAtCache,24
I, 2023-03-21 17,24,52,707, [080-exec-6],           Controller, 8aa72b19a9f7, , Experiment, het3nodelay-mincostgreedy-exp, Date, 2023-03-21 17,23,13, Query, ls1, Run,3, Overall Query Processing Time,133, Query Planning Time,1, Compile Time,0, Execution time,132,overallNumberOfRequestsIssuedAtCache,13,numberOfSPARQLRequestsIssuedAtCache,1,numberOfTPFRequestsIssuedAtCache,12,numberOfBRTPFRequestsIssuedAtCache,0
I, 2023-03-21 17,24,53,830, [080-exec-7],           Controller, 62949258bcb0, , Experiment, het3nodelay-mincostgreedy-exp, Date, 2023-03-21 17,23,13, Query, ls2, Run,3, Overall Query Processing Time,96, Query Planning Time,71, Compile Time,0, Execution time,25,overallNumberOfRequestsIssuedAtCache,17,numberOfSPARQLRequestsIssuedAtCache,2,numberOfTPFRequestsIssuedAtCache,14,numberOfBRTPFRequestsIssuedAtCache,1
I, 2023-03-21 17,24,57,736, [080-exec-8],           Controller, 565411b59cec, , Experiment, het3nodelay-mincostgreedy-exp, Date, 2023-03-21 17,23,13, Query, ls3, Run,3, Overall Query Processing Time,2851, Query Planning Time,39, Compile Time,0, Execution time,2812,overallNumberOfRequestsIssuedAtCache,5047,numberOfSPARQLRequestsIssuedAtCache,146,numberOfTPFRequestsIssuedAtCache,4629,numberOfBRTPFRequestsIssuedAtCache,272
I, 2023-03-21 17,24,58,968, [080-exec-9],           Controller, 767d5a90d60b, , Experiment, het3nodelay-mincostgreedy-exp, Date, 2023-03-21 17,23,13, Query, ls4, Run,3, Overall Query Processing Time,73, Query Planning Time,52, Compile Time,0, Execution time,21,overallNumberOfRequestsIssuedAtCache,11,numberOfSPARQLRequestsIssuedAtCache,0,numberOfTPFRequestsIssuedAtCache,7,numberOfBRTPFRequestsIssuedAtCache,4
I, 2023-03-21 17,25,1,729, [80-exec-10],           Controller, ba4003df4e98, , Experiment, het3nodelay-mincostgreedy-exp, Date, 2023-03-21 17,23,13, Query, ls5, Run,3, Overall Query Processing Time,1743, Query Planning Time,50, Compile Time,0, Execution time,1693,overallNumberOfRequestsIssuedAtCache,2891,numberOfSPARQLRequestsIssuedAtCache,132,numberOfTPFRequestsIssuedAtCache,2670,numberOfBRTPFRequestsIssuedAtCache,89
I, 2023-03-21 17,25,2,839, [080-exec-1],           Controller, 2af6f21baacb, , Experiment, het3nodelay-mincostgreedy-exp, Date, 2023-03-21 17,23,13, Query, ls6, Run,3, Overall Query Processing Time,93, Query Planning Time,33, Compile Time,0, Execution time,60,overallNumberOfRequestsIssuedAtCache,61,numberOfSPARQLRequestsIssuedAtCache,3,numberOfTPFRequestsIssuedAtCache,49,numberOfBRTPFRequestsIssuedAtCache,9
I, 2023-03-21 17,25,4,358, [080-exec-2],           Controller, 0631657d9ed3, , Experiment, het3nodelay-mincostgreedy-exp, Date, 2023-03-21 17,23,13, Query, ls7, Run,3, Overall Query Processing Time,484, Query Planning Time,26, Compile Time,0, Execution time,458,overallNumberOfRequestsIssuedAtCache,210,numberOfSPARQLRequestsIssuedAtCache,42,numberOfTPFRequestsIssuedAtCache,46,numberOfBRTPFRequestsIssuedAtCache,122
I, 2023-03-21 17,25,5,547, [080-exec-3],           Controller, d7612cafae5f, , Experiment, het3nodelay-mincostgreedy-exp, Date, 2023-03-21 17,23,13, Query, cd1, Run,4, Overall Query Processing Time,138, Query Planning Time,130, Compile Time,0, Execution time,8,overallNumberOfRequestsIssuedAtCache,8,numberOfSPARQLRequestsIssuedAtCache,3,numberOfTPFRequestsIssuedAtCache,5,numberOfBRTPFRequestsIssuedAtCache,0
I, 2023-03-21 17,25,6,606, [080-exec-4],           Controller, b1447e93752b, , Experiment, het3nodelay-mincostgreedy-exp, Date, 2023-03-21 17,23,13, Query, cd2, Run,4, Overall Query Processing Time,43, Query Planning Time,32, Compile Time,0, Execution time,11,overallNumberOfRequestsIssuedAtCache,3,numberOfSPARQLRequestsIssuedAtCache,1,numberOfTPFRequestsIssuedAtCache,2,numberOfBRTPFRequestsIssuedAtCache,0
I, 2023-03-21 17,25,7,685, [080-exec-5],           Controller, 60cad455a7f8, , Experiment, het3nodelay-mincostgreedy-exp, Date, 2023-03-21 17,23,13, Query, cd3, Run,4, Overall Query Processing Time,65, Query Planning Time,37, Compile Time,0, Execution time,28,overallNumberOfRequestsIssuedAtCache,26,numberOfSPARQLRequestsIssuedAtCache,3,numberOfTPFRequestsIssuedAtCache,20,numberOfBRTPFRequestsIssuedAtCache,3
I, 2023-03-21 17,25,8,789, [080-exec-6],           Controller, a36f6357d0b0, , Experiment, het3nodelay-mincostgreedy-exp, Date, 2023-03-21 17,23,13, Query, cd4, Run,4, Overall Query Processing Time,87, Query Planning Time,59, Compile Time,1, Execution time,27,overallNumberOfRequestsIssuedAtCache,37,numberOfSPARQLRequestsIssuedAtCache,4,numberOfTPFRequestsIssuedAtCache,28,numberOfBRTPFRequestsIssuedAtCache,5
I, 2023-03-21 17,25,9,863, [080-exec-7],           Controller, 405f341ced07, , Experiment, het3nodelay-mincostgreedy-exp, Date, 2023-03-21 17,23,13, Query, cd5, Run,4, Overall Query Processing Time,55, Query Planning Time,36, Compile Time,0, Execution time,19,overallNumberOfRequestsIssuedAtCache,18,numberOfSPARQLRequestsIssuedAtCache,3,numberOfTPFRequestsIssuedAtCache,12,numberOfBRTPFRequestsIssuedAtCache,3
I, 2023-03-21 17,25,12,59, [080-exec-8],           Controller, ba30a7e1495b, , Experiment, het3nodelay-mincostgreedy-exp, Date, 2023-03-21 17,23,13, Query, cd6, Run,4, Overall Query Processing Time,1182, Query Planning Time,45, Compile Time,0, Execution time,1137,overallNumberOfRequestsIssuedAtCache,2490,numberOfSPARQLRequestsIssuedAtCache,3,numberOfTPFRequestsIssuedAtCache,2446,numberOfBRTPFRequestsIssuedAtCache,41
I, 2023-03-21 17,25,13,623, [080-exec-9],           Controller,282546684915, , Experiment, het3nodelay-mincostgreedy-exp, Date, 2023-03-21 17,23,13, Query, cd7, Run,4, Overall Query Processing Time,542, Query Planning Time,49, Compile Time,0, Execution time,493,overallNumberOfRequestsIssuedAtCache,1104,numberOfSPARQLRequestsIssuedAtCache,41,numberOfTPFRequestsIssuedAtCache,1022,numberOfBRTPFRequestsIssuedAtCache,41
I, 2023-03-21 17,25,15,142, [80-exec-10],           Controller, ca8ec38727bb, , Experiment, het3nodelay-mincostgreedy-exp, Date, 2023-03-21 17,23,13, Query, ld1, Run,4, Overall Query Processing Time,500, Query Planning Time,52, Compile Time,1, Execution time,447,overallNumberOfRequestsIssuedAtCache,959,numberOfSPARQLRequestsIssuedAtCache,26,numberOfTPFRequestsIssuedAtCache,876,numberOfBRTPFRequestsIssuedAtCache,57
I, 2023-03-21 17,25,16,323, [080-exec-1],           Controller, afffb556ea06, , Experiment, het3nodelay-mincostgreedy-exp, Date, 2023-03-21 17,23,13, Query, ld10, Run,4, Overall Query Processing Time,159, Query Planning Time,35, Compile Time,0, Execution time,124,overallNumberOfRequestsIssuedAtCache,129,numberOfSPARQLRequestsIssuedAtCache,5,numberOfTPFRequestsIssuedAtCache,111,numberOfBRTPFRequestsIssuedAtCache,13
I, 2023-03-21 17,25,18,455, [080-exec-2],           Controller, 5484d96ae27d, , Experiment, het3nodelay-mincostgreedy-exp, Date, 2023-03-21 17,23,13, Query, ld11, Run,4, Overall Query Processing Time,1110, Query Planning Time,66, Compile Time,1, Execution time,1043,overallNumberOfRequestsIssuedAtCache,2415,numberOfSPARQLRequestsIssuedAtCache,79,numberOfTPFRequestsIssuedAtCache,2258,numberOfBRTPFRequestsIssuedAtCache,78
I, 2023-03-21 17,25,19,548, [080-exec-3],           Controller, 29b8b68b1f77, , Experiment, het3nodelay-mincostgreedy-exp, Date, 2023-03-21 17,23,13, Query, ld2, Run,4, Overall Query Processing Time,67, Query Planning Time,21, Compile Time,0, Execution time,46,overallNumberOfRequestsIssuedAtCache,64,numberOfSPARQLRequestsIssuedAtCache,0,numberOfTPFRequestsIssuedAtCache,64,numberOfBRTPFRequestsIssuedAtCache,0
I, 2023-03-21 17,25,21,495, [080-exec-4],           Controller, 6b250665e7b6, , Experiment, het3nodelay-mincostgreedy-exp, Date, 2023-03-21 17,23,13, Query, ld3, Run,4, Overall Query Processing Time,929, Query Planning Time,78, Compile Time,1, Execution time,850,overallNumberOfRequestsIssuedAtCache,1960,numberOfSPARQLRequestsIssuedAtCache,49,numberOfTPFRequestsIssuedAtCache,1789,numberOfBRTPFRequestsIssuedAtCache,122
I, 2023-03-21 17,25,22,780, [080-exec-5],           Controller, be0db1654ede, , Experiment, het3nodelay-mincostgreedy-exp, Date, 2023-03-21 17,23,13, Query, ld4, Run,4, Overall Query Processing Time,263, Query Planning Time,31, Compile Time,0, Execution time,232,overallNumberOfRequestsIssuedAtCache,466,numberOfSPARQLRequestsIssuedAtCache,0,numberOfTPFRequestsIssuedAtCache,466,numberOfBRTPFRequestsIssuedAtCache,0
I, 2023-03-21 17,25,23,853, [080-exec-6],           Controller, e499c5deb0c3, , Experiment, het3nodelay-mincostgreedy-exp, Date, 2023-03-21 17,23,13, Query, ld5, Run,4, Overall Query Processing Time,59, Query Planning Time,25, Compile Time,0, Execution time,34,overallNumberOfRequestsIssuedAtCache,58,numberOfSPARQLRequestsIssuedAtCache,2,numberOfTPFRequestsIssuedAtCache,56,numberOfBRTPFRequestsIssuedAtCache,0
I, 2023-03-21 17,25,24,923, [080-exec-7],           Controller, 83ce6d294989, , Experiment, het3nodelay-mincostgreedy-exp, Date, 2023-03-21 17,23,13, Query, ld6, Run,4, Overall Query Processing Time,54, Query Planning Time,34, Compile Time,1, Execution time,19,overallNumberOfRequestsIssuedAtCache,33,numberOfSPARQLRequestsIssuedAtCache,4,numberOfTPFRequestsIssuedAtCache,25,numberOfBRTPFRequestsIssuedAtCache,4
I, 2023-03-21 17,25,26,274, [080-exec-8],           Controller, 841c962084b7, , Experiment, het3nodelay-mincostgreedy-exp, Date, 2023-03-21 17,23,13, Query, ld7, Run,4, Overall Query Processing Time,325, Query Planning Time,55, Compile Time,0, Execution time,270,overallNumberOfRequestsIssuedAtCache,83,numberOfSPARQLRequestsIssuedAtCache,42,numberOfTPFRequestsIssuedAtCache,0,numberOfBRTPFRequestsIssuedAtCache,41
I, 2023-03-21 17,25,27,575, [080-exec-9],           Controller, c75d13c14d1a, , Experiment, het3nodelay-mincostgreedy-exp, Date, 2023-03-21 17,23,13, Query, ld8, Run,4, Overall Query Processing Time,257, Query Planning Time,97, Compile Time,1, Execution time,159,overallNumberOfRequestsIssuedAtCache,319,numberOfSPARQLRequestsIssuedAtCache,10,numberOfTPFRequestsIssuedAtCache,286,numberOfBRTPFRequestsIssuedAtCache,23
I, 2023-03-21 17,25,28,755, [80-exec-10],           Controller, 8d67c060d4a6, , Experiment, het3nodelay-mincostgreedy-exp, Date, 2023-03-21 17,23,13, Query, ls1, Run,4, Overall Query Processing Time,155, Query Planning Time,1, Compile Time,0, Execution time,154,overallNumberOfRequestsIssuedAtCache,13,numberOfSPARQLRequestsIssuedAtCache,1,numberOfTPFRequestsIssuedAtCache,12,numberOfBRTPFRequestsIssuedAtCache,0
I, 2023-03-21 17,25,29,898, [080-exec-1],           Controller, 863ceeb3b61a, , Experiment, het3nodelay-mincostgreedy-exp, Date, 2023-03-21 17,23,13, Query, ls2, Run,4, Overall Query Processing Time,105, Query Planning Time,78, Compile Time,0, Execution time,27,overallNumberOfRequestsIssuedAtCache,17,numberOfSPARQLRequestsIssuedAtCache,2,numberOfTPFRequestsIssuedAtCache,14,numberOfBRTPFRequestsIssuedAtCache,1
I, 2023-03-21 17,25,34,21, [080-exec-2],           Controller, 8543f27bd05a, , Experiment, het3nodelay-mincostgreedy-exp, Date, 2023-03-21 17,23,13, Query, ls3, Run,4, Overall Query Processing Time,3050, Query Planning Time,43, Compile Time,0, Execution time,3007,overallNumberOfRequestsIssuedAtCache,5055,numberOfSPARQLRequestsIssuedAtCache,146,numberOfTPFRequestsIssuedAtCache,4637,numberOfBRTPFRequestsIssuedAtCache,272
I, 2023-03-21 17,25,35,259, [080-exec-3],           Controller, aaed382af003, , Experiment, het3nodelay-mincostgreedy-exp, Date, 2023-03-21 17,23,13, Query, ls4, Run,4, Overall Query Processing Time,71, Query Planning Time,50, Compile Time,0, Execution time,21,overallNumberOfRequestsIssuedAtCache,11,numberOfSPARQLRequestsIssuedAtCache,0,numberOfTPFRequestsIssuedAtCache,7,numberOfBRTPFRequestsIssuedAtCache,4
I, 2023-03-21 17,25,38,22, [080-exec-4],           Controller, 51c006a93adb, , Experiment, het3nodelay-mincostgreedy-exp, Date, 2023-03-21 17,23,13, Query, ls5, Run,4, Overall Query Processing Time,1744, Query Planning Time,44, Compile Time,0, Execution time,1700,overallNumberOfRequestsIssuedAtCache,2884,numberOfSPARQLRequestsIssuedAtCache,132,numberOfTPFRequestsIssuedAtCache,2663,numberOfBRTPFRequestsIssuedAtCache,89
I, 2023-03-21 17,25,39,183, [080-exec-5],           Controller, d73daf33e510, , Experiment, het3nodelay-mincostgreedy-exp, Date, 2023-03-21 17,23,13, Query, ls6, Run,4, Overall Query Processing Time,133, Query Planning Time,34, Compile Time,0, Execution time,99,overallNumberOfRequestsIssuedAtCache,61,numberOfSPARQLRequestsIssuedAtCache,3,numberOfTPFRequestsIssuedAtCache,49,numberOfBRTPFRequestsIssuedAtCache,9
I, 2023-03-21 17,25,40,767, [080-exec-6],           Controller, 1d0ec3231b1d, , Experiment, het3nodelay-mincostgreedy-exp, Date, 2023-03-21 17,23,13, Query, ls7, Run,4, Overall Query Processing Time,547, Query Planning Time,30, Compile Time,0, Execution time,517,overallNumberOfRequestsIssuedAtCache,210,numberOfSPARQLRequestsIssuedAtCache,42,numberOfTPFRequestsIssuedAtCache,46,numberOfBRTPFRequestsIssuedAtCache,122
I, 2023-03-21 17,25,41,976, [080-exec-7],           Controller, 6615368a54ff, , Experiment, het3nodelay-mincostgreedy-exp, Date, 2023-03-21 17,23,13, Query, cd1, Run,5, Overall Query Processing Time,140, Query Planning Time,133, Compile Time,0, Execution time,7,overallNumberOfRequestsIssuedAtCache,8,numberOfSPARQLRequestsIssuedAtCache,3,numberOfTPFRequestsIssuedAtCache,5,numberOfBRTPFRequestsIssuedAtCache,0
I, 2023-03-21 17,25,43,37, [080-exec-8],           Controller, 578c23ecfede, , Experiment, het3nodelay-mincostgreedy-exp, Date, 2023-03-21 17,23,13, Query, cd2, Run,5, Overall Query Processing Time,45, Query Planning Time,35, Compile Time,0, Execution time,10,overallNumberOfRequestsIssuedAtCache,3,numberOfSPARQLRequestsIssuedAtCache,1,numberOfTPFRequestsIssuedAtCache,2,numberOfBRTPFRequestsIssuedAtCache,0
I, 2023-03-21 17,25,44,100, [080-exec-9],           Controller, 3ac472f6cdce, , Experiment, het3nodelay-mincostgreedy-exp, Date, 2023-03-21 17,23,13, Query, cd3, Run,5, Overall Query Processing Time,48, Query Planning Time,22, Compile Time,1, Execution time,25,overallNumberOfRequestsIssuedAtCache,26,numberOfSPARQLRequestsIssuedAtCache,3,numberOfTPFRequestsIssuedAtCache,20,numberOfBRTPFRequestsIssuedAtCache,3
I, 2023-03-21 17,25,45,204, [80-exec-10],           Controller, fc9d901cd175, , Experiment, het3nodelay-mincostgreedy-exp, Date, 2023-03-21 17,23,13, Query, cd4, Run,5, Overall Query Processing Time,86, Query Planning Time,63, Compile Time,1, Execution time,22,overallNumberOfRequestsIssuedAtCache,37,numberOfSPARQLRequestsIssuedAtCache,4,numberOfTPFRequestsIssuedAtCache,28,numberOfBRTPFRequestsIssuedAtCache,5
I, 2023-03-21 17,25,46,283, [080-exec-1],           Controller, 7ab34b9f440d, , Experiment, het3nodelay-mincostgreedy-exp, Date, 2023-03-21 17,23,13, Query, cd5, Run,5, Overall Query Processing Time,44, Query Planning Time,26, Compile Time,1, Execution time,17,overallNumberOfRequestsIssuedAtCache,18,numberOfSPARQLRequestsIssuedAtCache,3,numberOfTPFRequestsIssuedAtCache,12,numberOfBRTPFRequestsIssuedAtCache,3
I, 2023-03-21 17,25,48,512, [080-exec-2],           Controller,72755957232, , Experiment, het3nodelay-mincostgreedy-exp, Date, 2023-03-21 17,23,13, Query, cd6, Run,5, Overall Query Processing Time,1209, Query Planning Time,63, Compile Time,0, Execution time,1146,overallNumberOfRequestsIssuedAtCache,2492,numberOfSPARQLRequestsIssuedAtCache,3,numberOfTPFRequestsIssuedAtCache,2448,numberOfBRTPFRequestsIssuedAtCache,41
I, 2023-03-21 17,25,50,107, [080-exec-3],           Controller, c7eb43c8aad9, , Experiment, het3nodelay-mincostgreedy-exp, Date, 2023-03-21 17,23,13, Query, cd7, Run,5, Overall Query Processing Time,576, Query Planning Time,56, Compile Time,1, Execution time,519,overallNumberOfRequestsIssuedAtCache,1108,numberOfSPARQLRequestsIssuedAtCache,41,numberOfTPFRequestsIssuedAtCache,1026,numberOfBRTPFRequestsIssuedAtCache,41
I, 2023-03-21 17,25,51,609, [080-exec-4],           Controller, daca1536c4dc, , Experiment, het3nodelay-mincostgreedy-exp, Date, 2023-03-21 17,23,13, Query, ld1, Run,5, Overall Query Processing Time,483, Query Planning Time,49, Compile Time,0, Execution time,434,overallNumberOfRequestsIssuedAtCache,960,numberOfSPARQLRequestsIssuedAtCache,27,numberOfTPFRequestsIssuedAtCache,876,numberOfBRTPFRequestsIssuedAtCache,57
I, 2023-03-21 17,25,52,721, [080-exec-5],           Controller, 5d986dc3118e, , Experiment, het3nodelay-mincostgreedy-exp, Date, 2023-03-21 17,23,13, Query, ld10, Run,5, Overall Query Processing Time,91, Query Planning Time,36, Compile Time,0, Execution time,55,overallNumberOfRequestsIssuedAtCache,129,numberOfSPARQLRequestsIssuedAtCache,5,numberOfTPFRequestsIssuedAtCache,111,numberOfBRTPFRequestsIssuedAtCache,13
I, 2023-03-21 17,25,54,834, [080-exec-6],           Controller, 4fd5e6ebb9f1, , Experiment, het3nodelay-mincostgreedy-exp, Date, 2023-03-21 17,23,13, Query, ld11, Run,5, Overall Query Processing Time,1092, Query Planning Time,74, Compile Time,1, Execution time,1017,overallNumberOfRequestsIssuedAtCache,2427,numberOfSPARQLRequestsIssuedAtCache,77,numberOfTPFRequestsIssuedAtCache,2273,numberOfBRTPFRequestsIssuedAtCache,77
I, 2023-03-21 17,25,55,955, [080-exec-7],           Controller, d559adaa991d, , Experiment, het3nodelay-mincostgreedy-exp, Date, 2023-03-21 17,23,13, Query, ld2, Run,5, Overall Query Processing Time,91, Query Planning Time,23, Compile Time,0, Execution time,68,overallNumberOfRequestsIssuedAtCache,64,numberOfSPARQLRequestsIssuedAtCache,0,numberOfTPFRequestsIssuedAtCache,64,numberOfBRTPFRequestsIssuedAtCache,0
I, 2023-03-21 17,25,57,911, [080-exec-8],           Controller, 834b47784171, , Experiment, het3nodelay-mincostgreedy-exp, Date, 2023-03-21 17,23,13, Query, ld3, Run,5, Overall Query Processing Time,933, Query Planning Time,73, Compile Time,1, Execution time,859,overallNumberOfRequestsIssuedAtCache,1956,numberOfSPARQLRequestsIssuedAtCache,48,numberOfTPFRequestsIssuedAtCache,1786,numberOfBRTPFRequestsIssuedAtCache,122
I, 2023-03-21 17,25,59,291, [080-exec-9],           Controller, 405a11f84f36, , Experiment, het3nodelay-mincostgreedy-exp, Date, 2023-03-21 17,23,13, Query, ld4, Run,5, Overall Query Processing Time,357, Query Planning Time,32, Compile Time,0, Execution time,325,overallNumberOfRequestsIssuedAtCache,466,numberOfSPARQLRequestsIssuedAtCache,0,numberOfTPFRequestsIssuedAtCache,466,numberOfBRTPFRequestsIssuedAtCache,0
I, 2023-03-21 17,26,0,384, [80-exec-10],           Controller, e160698cb041, , Experiment, het3nodelay-mincostgreedy-exp, Date, 2023-03-21 17,23,13, Query, ld5, Run,5, Overall Query Processing Time,73, Query Planning Time,41, Compile Time,0, Execution time,32,overallNumberOfRequestsIssuedAtCache,58,numberOfSPARQLRequestsIssuedAtCache,2,numberOfTPFRequestsIssuedAtCache,56,numberOfBRTPFRequestsIssuedAtCache,0
I, 2023-03-21 17,26,1,478, [080-exec-1],           Controller, b320eba51e4a, , Experiment, het3nodelay-mincostgreedy-exp, Date, 2023-03-21 17,23,13, Query, ld6, Run,5, Overall Query Processing Time,78, Query Planning Time,55, Compile Time,0, Execution time,23,overallNumberOfRequestsIssuedAtCache,34,numberOfSPARQLRequestsIssuedAtCache,4,numberOfTPFRequestsIssuedAtCache,26,numberOfBRTPFRequestsIssuedAtCache,4
I, 2023-03-21 17,26,2,794, [080-exec-2],           Controller, c26057ff2158, , Experiment, het3nodelay-mincostgreedy-exp, Date, 2023-03-21 17,23,13, Query, ld7, Run,5, Overall Query Processing Time,295, Query Planning Time,56, Compile Time,0, Execution time,239,overallNumberOfRequestsIssuedAtCache,83,numberOfSPARQLRequestsIssuedAtCache,42,numberOfTPFRequestsIssuedAtCache,0,numberOfBRTPFRequestsIssuedAtCache,41
I, 2023-03-21 17,26,4,46, [080-exec-3],           Controller, b8f384b06cb0, , Experiment, het3nodelay-mincostgreedy-exp, Date, 2023-03-21 17,23,13, Query, ld8, Run,5, Overall Query Processing Time,227, Query Planning Time,79, Compile Time,1, Execution time,147,overallNumberOfRequestsIssuedAtCache,327,numberOfSPARQLRequestsIssuedAtCache,10,numberOfTPFRequestsIssuedAtCache,293,numberOfBRTPFRequestsIssuedAtCache,24
I, 2023-03-21 17,26,5,192, [080-exec-4],           Controller, a9389c486bf6, , Experiment, het3nodelay-mincostgreedy-exp, Date, 2023-03-21 17,23,13, Query, ls1, Run,5, Overall Query Processing Time,119, Query Planning Time,1, Compile Time,0, Execution time,118,overallNumberOfRequestsIssuedAtCache,13,numberOfSPARQLRequestsIssuedAtCache,1,numberOfTPFRequestsIssuedAtCache,12,numberOfBRTPFRequestsIssuedAtCache,0
I, 2023-03-21 17,26,6,310, [080-exec-5],           Controller, d08b329b0b7c, , Experiment, het3nodelay-mincostgreedy-exp, Date, 2023-03-21 17,23,13, Query, ls2, Run,5, Overall Query Processing Time,80, Query Planning Time,65, Compile Time,0, Execution time,15,overallNumberOfRequestsIssuedAtCache,17,numberOfSPARQLRequestsIssuedAtCache,2,numberOfTPFRequestsIssuedAtCache,14,numberOfBRTPFRequestsIssuedAtCache,1
I, 2023-03-21 17,26,10,330, [080-exec-6],           Controller, 2dacac7ba9ad, , Experiment, het3nodelay-mincostgreedy-exp, Date, 2023-03-21 17,23,13, Query, ls3, Run,5, Overall Query Processing Time,2947, Query Planning Time,40, Compile Time,0, Execution time,2907,overallNumberOfRequestsIssuedAtCache,5048,numberOfSPARQLRequestsIssuedAtCache,146,numberOfTPFRequestsIssuedAtCache,4630,numberOfBRTPFRequestsIssuedAtCache,272
I, 2023-03-21 17,26,11,520, [080-exec-7],           Controller, d767fe9a54b6, , Experiment, het3nodelay-mincostgreedy-exp, Date, 2023-03-21 17,23,13, Query, ls4, Run,5, Overall Query Processing Time,67, Query Planning Time,46, Compile Time,0, Execution time,21,overallNumberOfRequestsIssuedAtCache,11,numberOfSPARQLRequestsIssuedAtCache,0,numberOfTPFRequestsIssuedAtCache,7,numberOfBRTPFRequestsIssuedAtCache,4
I, 2023-03-21 17,26,14,344, [080-exec-8],           Controller, 3001692c7c6a, , Experiment, het3nodelay-mincostgreedy-exp, Date, 2023-03-21 17,23,13, Query, ls5, Run,5, Overall Query Processing Time,1806, Query Planning Time,41, Compile Time,0, Execution time,1765,overallNumberOfRequestsIssuedAtCache,2885,numberOfSPARQLRequestsIssuedAtCache,132,numberOfTPFRequestsIssuedAtCache,2664,numberOfBRTPFRequestsIssuedAtCache,89
I, 2023-03-21 17,26,15,451, [080-exec-9],           Controller, 8757baed27ea, , Experiment, het3nodelay-mincostgreedy-exp, Date, 2023-03-21 17,23,13, Query, ls6, Run,5, Overall Query Processing Time,86, Query Planning Time,31, Compile Time,0, Execution time,55,overallNumberOfRequestsIssuedAtCache,61,numberOfSPARQLRequestsIssuedAtCache,3,numberOfTPFRequestsIssuedAtCache,49,numberOfBRTPFRequestsIssuedAtCache,9
I, 2023-03-21 17,26,17,85, [80-exec-10],           Controller, 1880059934cd, , Experiment, het3nodelay-mincostgreedy-exp, Date, 2023-03-21 17,23,13, Query, ls7, Run,5, Overall Query Processing Time,601, Query Planning Time,27, Compile Time,1, Execution time,573,overallNumberOfRequestsIssuedAtCache,210,numberOfSPARQLRequestsIssuedAtCache,42,numberOfTPFRequestsIssuedAtCache,46,numberOfBRTPFRequestsIssuedAtCache,122
I, 2023-03-21 17,26,18,305, [080-exec-1],           Controller, 5e283be0f74c, , Experiment, het3nodelay-mincostgreedy-exp, Date, 2023-03-21 17,23,13, Query, cd1, Run,6, Overall Query Processing Time,152, Query Planning Time,142, Compile Time,0, Execution time,10,overallNumberOfRequestsIssuedAtCache,8,numberOfSPARQLRequestsIssuedAtCache,3,numberOfTPFRequestsIssuedAtCache,5,numberOfBRTPFRequestsIssuedAtCache,0
I, 2023-03-21 17,26,19,362, [080-exec-2],           Controller, 0ce4309b85aa, , Experiment, het3nodelay-mincostgreedy-exp, Date, 2023-03-21 17,23,13, Query, cd2, Run,6, Overall Query Processing Time,42, Query Planning Time,32, Compile Time,0, Execution time,10,overallNumberOfRequestsIssuedAtCache,3,numberOfSPARQLRequestsIssuedAtCache,1,numberOfTPFRequestsIssuedAtCache,2,numberOfBRTPFRequestsIssuedAtCache,0
I, 2023-03-21 17,26,20,434, [080-exec-3],           Controller, 183b6b081202, , Experiment, het3nodelay-mincostgreedy-exp, Date, 2023-03-21 17,23,13, Query, cd3, Run,6, Overall Query Processing Time,52, Query Planning Time,25, Compile Time,0, Execution time,27,overallNumberOfRequestsIssuedAtCache,26,numberOfSPARQLRequestsIssuedAtCache,3,numberOfTPFRequestsIssuedAtCache,20,numberOfBRTPFRequestsIssuedAtCache,3
I, 2023-03-21 17,26,21,529, [080-exec-4],           Controller, 5f73fe6f8c98, , Experiment, het3nodelay-mincostgreedy-exp, Date, 2023-03-21 17,23,13, Query, cd4, Run,6, Overall Query Processing Time,79, Query Planning Time,51, Compile Time,0, Execution time,28,overallNumberOfRequestsIssuedAtCache,35,numberOfSPARQLRequestsIssuedAtCache,4,numberOfTPFRequestsIssuedAtCache,27,numberOfBRTPFRequestsIssuedAtCache,4
I, 2023-03-21 17,26,22,593, [080-exec-5],           Controller, eba04b82828b, , Experiment, het3nodelay-mincostgreedy-exp, Date, 2023-03-21 17,23,13, Query, cd5, Run,6, Overall Query Processing Time,47, Query Planning Time,32, Compile Time,0, Execution time,15,overallNumberOfRequestsIssuedAtCache,18,numberOfSPARQLRequestsIssuedAtCache,3,numberOfTPFRequestsIssuedAtCache,12,numberOfBRTPFRequestsIssuedAtCache,3
I, 2023-03-21 17,26,24,804, [080-exec-6],           Controller, 55b4e5f42312, , Experiment, het3nodelay-mincostgreedy-exp, Date, 2023-03-21 17,23,13, Query, cd6, Run,6, Overall Query Processing Time,1196, Query Planning Time,58, Compile Time,1, Execution time,1137,overallNumberOfRequestsIssuedAtCache,2485,numberOfSPARQLRequestsIssuedAtCache,3,numberOfTPFRequestsIssuedAtCache,2441,numberOfBRTPFRequestsIssuedAtCache,41
I, 2023-03-21 17,26,26,384, [080-exec-7],           Controller, acbeeabf0042, , Experiment, het3nodelay-mincostgreedy-exp, Date, 2023-03-21 17,23,13, Query, cd7, Run,6, Overall Query Processing Time,563, Query Planning Time,53, Compile Time,1, Execution time,509,overallNumberOfRequestsIssuedAtCache,1104,numberOfSPARQLRequestsIssuedAtCache,41,numberOfTPFRequestsIssuedAtCache,1022,numberOfBRTPFRequestsIssuedAtCache,41
I, 2023-03-21 17,26,27,995, [080-exec-8],           Controller, 64cd1a001e2a, , Experiment, het3nodelay-mincostgreedy-exp, Date, 2023-03-21 17,23,13, Query, ld1, Run,6, Overall Query Processing Time,588, Query Planning Time,42, Compile Time,0, Execution time,546,overallNumberOfRequestsIssuedAtCache,958,numberOfSPARQLRequestsIssuedAtCache,25,numberOfTPFRequestsIssuedAtCache,877,numberOfBRTPFRequestsIssuedAtCache,56
I, 2023-03-21 17,26,29,114, [080-exec-9],           Controller, 77635b322aad, , Experiment, het3nodelay-mincostgreedy-exp, Date, 2023-03-21 17,23,13, Query, ld10, Run,6, Overall Query Processing Time,98, Query Planning Time,36, Compile Time,0, Execution time,62,overallNumberOfRequestsIssuedAtCache,129,numberOfSPARQLRequestsIssuedAtCache,5,numberOfTPFRequestsIssuedAtCache,111,numberOfBRTPFRequestsIssuedAtCache,13
I, 2023-03-21 17,26,31,284, [80-exec-10],           Controller, 76ad47c45b8b, , Experiment, het3nodelay-mincostgreedy-exp, Date, 2023-03-21 17,23,13, Query, ld11, Run,6, Overall Query Processing Time,1149, Query Planning Time,68, Compile Time,1, Execution time,1080,overallNumberOfRequestsIssuedAtCache,2418,numberOfSPARQLRequestsIssuedAtCache,79,numberOfTPFRequestsIssuedAtCache,2262,numberOfBRTPFRequestsIssuedAtCache,77
I, 2023-03-21 17,26,32,377, [080-exec-1],           Controller, fd89a2d2779e, , Experiment, het3nodelay-mincostgreedy-exp, Date, 2023-03-21 17,23,13, Query, ld2, Run,6, Overall Query Processing Time,68, Query Planning Time,22, Compile Time,0, Execution time,46,overallNumberOfRequestsIssuedAtCache,64,numberOfSPARQLRequestsIssuedAtCache,0,numberOfTPFRequestsIssuedAtCache,64,numberOfBRTPFRequestsIssuedAtCache,0
I, 2023-03-21 17,26,34,358, [080-exec-2],           Controller, 04cb9abc9fa7, , Experiment, het3nodelay-mincostgreedy-exp, Date, 2023-03-21 17,23,13, Query, ld3, Run,6, Overall Query Processing Time,965, Query Planning Time,86, Compile Time,0, Execution time,879,overallNumberOfRequestsIssuedAtCache,1959,numberOfSPARQLRequestsIssuedAtCache,49,numberOfTPFRequestsIssuedAtCache,1789,numberOfBRTPFRequestsIssuedAtCache,121
I, 2023-03-21 17,26,35,685, [080-exec-3],           Controller, 4413eeec19ca, , Experiment, het3nodelay-mincostgreedy-exp, Date, 2023-03-21 17,23,13, Query, ld4, Run,6, Overall Query Processing Time,307, Query Planning Time,35, Compile Time,0, Execution time,272,overallNumberOfRequestsIssuedAtCache,464,numberOfSPARQLRequestsIssuedAtCache,0,numberOfTPFRequestsIssuedAtCache,464,numberOfBRTPFRequestsIssuedAtCache,0
I, 2023-03-21 17,26,36,762, [080-exec-4],           Controller, 54a5b9769780, , Experiment, het3nodelay-mincostgreedy-exp, Date, 2023-03-21 17,23,13, Query, ld5, Run,6, Overall Query Processing Time,62, Query Planning Time,33, Compile Time,0, Execution time,29,overallNumberOfRequestsIssuedAtCache,58,numberOfSPARQLRequestsIssuedAtCache,2,numberOfTPFRequestsIssuedAtCache,56,numberOfBRTPFRequestsIssuedAtCache,0
I, 2023-03-21 17,26,37,833, [080-exec-5],           Controller, 721bc7ec53ca, , Experiment, het3nodelay-mincostgreedy-exp, Date, 2023-03-21 17,23,13, Query, ld6, Run,6, Overall Query Processing Time,56, Query Planning Time,36, Compile Time,0, Execution time,20,overallNumberOfRequestsIssuedAtCache,34,numberOfSPARQLRequestsIssuedAtCache,4,numberOfTPFRequestsIssuedAtCache,26,numberOfBRTPFRequestsIssuedAtCache,4
I, 2023-03-21 17,26,39,177, [080-exec-6],           Controller, b07337b4af7b, , Experiment, het3nodelay-mincostgreedy-exp, Date, 2023-03-21 17,23,13, Query, ld7, Run,6, Overall Query Processing Time,323, Query Planning Time,57, Compile Time,1, Execution time,265,overallNumberOfRequestsIssuedAtCache,83,numberOfSPARQLRequestsIssuedAtCache,42,numberOfTPFRequestsIssuedAtCache,0,numberOfBRTPFRequestsIssuedAtCache,41
I, 2023-03-21 17,26,40,518, [080-exec-7],           Controller, ca9b918ae93f, , Experiment, het3nodelay-mincostgreedy-exp, Date, 2023-03-21 17,23,13, Query, ld8, Run,6, Overall Query Processing Time,302, Query Planning Time,123, Compile Time,1, Execution time,178,overallNumberOfRequestsIssuedAtCache,321,numberOfSPARQLRequestsIssuedAtCache,10,numberOfTPFRequestsIssuedAtCache,287,numberOfBRTPFRequestsIssuedAtCache,24
I, 2023-03-21 17,26,41,626, [080-exec-8],           Controller, ed10f5b74064, , Experiment, het3nodelay-mincostgreedy-exp, Date, 2023-03-21 17,23,13, Query, ls1, Run,6, Overall Query Processing Time,83, Query Planning Time,1, Compile Time,0, Execution time,82,overallNumberOfRequestsIssuedAtCache,13,numberOfSPARQLRequestsIssuedAtCache,1,numberOfTPFRequestsIssuedAtCache,12,numberOfBRTPFRequestsIssuedAtCache,0
I, 2023-03-21 17,26,42,754, [080-exec-9],           Controller, 49b56f8ce0f7, , Experiment, het3nodelay-mincostgreedy-exp, Date, 2023-03-21 17,23,13, Query, ls2, Run,6, Overall Query Processing Time,97, Query Planning Time,80, Compile Time,0, Execution time,17,overallNumberOfRequestsIssuedAtCache,17,numberOfSPARQLRequestsIssuedAtCache,2,numberOfTPFRequestsIssuedAtCache,14,numberOfBRTPFRequestsIssuedAtCache,1
I, 2023-03-21 17,26,46,875, [80-exec-10],           Controller, efb82c7000f8, , Experiment, het3nodelay-mincostgreedy-exp, Date, 2023-03-21 17,23,13, Query, ls3, Run,6, Overall Query Processing Time,3027, Query Planning Time,44, Compile Time,0, Execution time,2983,overallNumberOfRequestsIssuedAtCache,5054,numberOfSPARQLRequestsIssuedAtCache,146,numberOfTPFRequestsIssuedAtCache,4636,numberOfBRTPFRequestsIssuedAtCache,272
I, 2023-03-21 17,26,48,108, [080-exec-1],           Controller, e2757faca2ce, , Experiment, het3nodelay-mincostgreedy-exp, Date, 2023-03-21 17,23,13, Query, ls4, Run,6, Overall Query Processing Time,76, Query Planning Time,53, Compile Time,0, Execution time,23,overallNumberOfRequestsIssuedAtCache,11,numberOfSPARQLRequestsIssuedAtCache,0,numberOfTPFRequestsIssuedAtCache,7,numberOfBRTPFRequestsIssuedAtCache,4
I, 2023-03-21 17,26,50,951, [080-exec-2],           Controller, 1f03b86b9015, , Experiment, het3nodelay-mincostgreedy-exp, Date, 2023-03-21 17,23,13, Query, ls5, Run,6, Overall Query Processing Time,1827, Query Planning Time,48, Compile Time,0, Execution time,1779,overallNumberOfRequestsIssuedAtCache,2886,numberOfSPARQLRequestsIssuedAtCache,132,numberOfTPFRequestsIssuedAtCache,2665,numberOfBRTPFRequestsIssuedAtCache,89
I, 2023-03-21 17,26,52,83, [080-exec-3],           Controller, 37e1595e5c8e, , Experiment, het3nodelay-mincostgreedy-exp, Date, 2023-03-21 17,23,13, Query, ls6, Run,6, Overall Query Processing Time,105, Query Planning Time,37, Compile Time,0, Execution time,68,overallNumberOfRequestsIssuedAtCache,61,numberOfSPARQLRequestsIssuedAtCache,3,numberOfTPFRequestsIssuedAtCache,49,numberOfBRTPFRequestsIssuedAtCache,9
I, 2023-03-21 17,26,53,759, [080-exec-4],           Controller, 4b8d3e2bff22, , Experiment, het3nodelay-mincostgreedy-exp, Date, 2023-03-21 17,23,13, Query, ls7, Run,6, Overall Query Processing Time,648, Query Planning Time,30, Compile Time,0, Execution time,618,overallNumberOfRequestsIssuedAtCache,210,numberOfSPARQLRequestsIssuedAtCache,42,numberOfTPFRequestsIssuedAtCache,46,numberOfBRTPFRequestsIssuedAtCache,122
